عنوان,نویسنده,سال
Core Python Programming,R. Nageswara Rao,2016
Black Hat Python,"Justin Seitz, Tim Arnold",2014
Core Python programming,Wesley Chun,2006
Python Programming,Reema Thareja,2019
Python programming,John M. Zelle,2003
Python,Joshua Welsh,2017
Python Programming,Sarah Stewart,2019
Python Programming Crash Course,Alex Jaxson,2022
Python Programming,Adam Stewart,2016
Python Programming,"Naveen ,Kumar and Taneja Sheetal",2017
Introduction to Python Programming,"Gowrishankar S, Veena A",2018
Python programming in context,Bradley N. Miller,2009
Fundamentals of Python Programming,Richard L. Halterman,2018
Murach's Python Programming (2nd Edition),"Joel Murach, Michael Urban",2016
Python Programming,"Vijaya Kumara Sarma, Vimal Kumar, Swati Sharma, Shashwat Pathak",2021
Python for Beginners : 2 Books in 1,Programming Languages ACADEMY,2021
Murach's Python Programming,"Michael Urban, Joel Murach",2016
Python Programming For Beginners,"Python Programming, Michael Knapp",2015
Python,"Bradley N. Miller, David L. Ranum",2013
Fluent Python,Luciano Ramalho,2015
Coding by Doing : for Absolute Beginners - 2 Books in One - Learn SQL and Python Programming,Coding Languages Coding Languages Academy,2019
Python Programming Patterns,Thomas W. Christopher,2001
Python Programming Fundamentals,Kent D. Lee,2011
"Python Programming: An Introduction to Computer Science, 3rd Ed.",John Zelle,2016
Python Programming for the Absolute Beginner,Michael Dawson,2010
Python : Programming,"iCode Academy, Python Language",2017
Automate the Boring Stuff with Python,Al Sweigart,2015
Black Hat Python Programming,"Richard Ozer, Python Programming",2018
Python Programming : Advanced Python Applications and Features,Coding ACADEMY,2019
"Introduction to Python Programming and Data Structures, Global Edition",Y Liang,2022
Zero to Mastery in Python Programming,"Vayu PUBLISHING, Rakesh YADAV",2022
Python Programming and Numerical Methods,"Alexandre Bayen, Qingkai Kong, Timmy Siauw",2020
Python Programming for Arduino,Pratik Desai,2015
Gray hat Python,Justin Seitz,2009
Discovering Computer Science,Jessen Havill,2015
Python Programming : This Book Includes,Computer Science Computer Science Academy,2020
Python Language,Albert Robin,2022
Introduction to Python Programming,Alex Jaxson,2022
Python Programming for Intermediates,"Python Programming, Michael Knapp",2017
Python hunting,Marley Adair,2016
More Python Programming For The Absolute Beginner,Jonathan S. Harbour,2011
Python Programming Language,"Bradley N. Miller, David L. Ranum",2006
Python Programming,Infinity Solutions,2020
Advanced Python Programming,"Brian Overland, John Bennett",2019
Explorations in computing,John S. Conery,2010
Python For Data Analysis,Wes McKinney,2012
Python Cookbook,"Alex Martelli, David Ascher, David M. Beazley, Brian K. Jones",2002
